{"Mobs":[{"Name":"Goblin Mage","R":0.08150315,"G":0.65234375,"B":0.03312683,"BehaviorName":"Kiting","DeckName":"Goblin Mage","Size":35,"Speed":100,"Health":50,"Color":{"R8":21,"G8":166,"B8":8,"A8":255,"H":0.3203125,"S":0.94921875,"V":0.65234375,"OkHslH":0.3949086,"OkHslS":0.9969607,"OkHslL":0.5717007,"Luminance":0.48627558}},{"Name":"Goblin Berzerker","R":0.4235965,"G":0.98828125,"B":0.073349,"BehaviorName":"Aggressive","DeckName":"Goblin Berzerker","Size":20,"Speed":100,"Health":30,"Color":{"R8":108,"G8":252,"B8":19,"A8":255,"H":0.26953125,"S":0.92578125,"V":0.98828125,"OkHslH":0.38345778,"OkHslS":0.99394846,"OkHslL":0.8559655,"Luminance":0.8021712}},{"Name":"Goblin Cleric","R":0.5461149,"G":0.9921875,"B":0.007751465,"BehaviorName":"Kiting","DeckName":"Goblin Cleric","Size":40,"Speed":70,"Health":50,"Color":{"R8":139,"G8":253,"B8":2,"A8":255,"H":0.2421875,"S":0.9921875,"V":0.9921875,"OkHslH":0.37327582,"OkHslS":0.9993694,"OkHslL":0.8725754,"Luminance":0.8262761}},{"Name":"Goblin Chieftain","R":0,"G":0.26953125,"B":0.09265137,"BehaviorName":"Aggressive","DeckName":"Goblin Chieftain","Size":80,"Speed":100,"Health":250,"Color":{"R8":0,"G8":69,"B8":24,"A8":255,"H":0.390625,"S":1,"V":0.26953125,"OkHslH":0.41220093,"OkHslS":0.9999999,"OkHslL":0.2412731,"Luminance":0.19945818}}]}